Filename,Label
03emFtywFN_100px_1.png,Fake
03emFtywFN_100px_2.png,Fake
03R7Cmed43_100px_1.png,Fake
03R7Cmed43_100px_2.png,Real
04xWEziEFS_100px_1.png,Fake
04xWEziEFS_100px_2.png,Fake
07Pz6viZ6O_100px_1.png,Real
07Pz6viZ6O_100px_2.png,Real
09QclnUu5A_100px_1.png,Real
09QclnUu5A_100px_2.png,Fake
0dudSigyJ8_100px_1.png,Real
0GDybZiItr_100px_1.png,Real
0dudSigyJ8_100px_2.png,Real
0GDybZiItr_100px_2.png,Real
0GlYj9zPE2_100px_1.png,Real
0GlYj9zPE2_100px_2.png,Fake
0krm8zGHLT_100px_1.png,Real
0krm8zGHLT_100px_2.png,Real
0mD77gkbit_100px_1.png,Real
0mD77gkbit_100px_2.png,Fake
0nkEscgzFx_100px_1.png,Real
0nkEscgzFx_100px_2.png,Fake
0Q0Hl2VWgE_100px_1.png,Fake
0Q0Hl2VWgE_100px_2.png,Real
0XFBbSxvlF_100px_2.png,Fake
0XFBbSxvlF_100px_1.png,Real
0zL81UmHbV_100px_1.png,Fake
0zL81UmHbV_100px_2.png,Real
12GpsKbB8C_100px_2.png,Fake
12GpsKbB8C_100px_1.png,Fake
155H4cuwjh_100px_2.png,Real
155H4cuwjh_100px_1.png,Fake
15NQ263vnV_100px_1.png,Fake
15NQ263vnV_100px_2.png,Real
1bhRMjTx5g_100px_2.png,Fake
1bhRMjTx5g_100px_1.png,Real
1C9NTtYIRh_100px_2.png,Fake
1C9NTtYIRh_100px_1.png,Fake
1FEkBXCwX7_100px_1.png,Real
1FEkBXCwX7_100px_2.png,Fake
1iO6sjrVIJ_100px_1.png,Fake
1iO6sjrVIJ_100px_2.png,Fake
1kKE3yv84s_100px_1.png,Fake
1kKE3yv84s_100px_2.png,Fake
1nV2F7VNt8_100px_1.png,Real
1pjWeHBNEp_100px_1.png,Real
1nV2F7VNt8_100px_2.png,Real
1qvMO4FiJ9_100px_1.png,Real
1pjWeHBNEp_100px_2.png,Fake
1qvMO4FiJ9_100px_2.png,Real
1uLhWa3q5L_100px_1.png,Fake
1uLhWa3q5L_100px_2.png,Fake
1w8DSES5tl_100px_1.png,Fake
1w8DSES5tl_100px_2.png,Real
1yJCNfLHq3_100px_1.png,Fake
22AqLlJEu3_100px_1.png,Fake
1yJCNfLHq3_100px_2.png,Real
2AK7gf7wrU_100px_1.png,Fake
22AqLlJEu3_100px_2.png,Fake
2DMr4VMiGO_100px_1.png,Real
2AK7gf7wrU_100px_2.png,Real
2fh9xJQe4z_100px_1.png,Real
2DMr4VMiGO_100px_2.png,Real
2fh9xJQe4z_100px_2.png,Real
2foOg52DOW_100px_1.png,Fake
2HlHmhanH9_100px_1.png,Fake
2foOg52DOW_100px_2.png,Fake
2HlHmhanH9_100px_2.png,Real
2hzVCRBpBW_100px_1.png,Fake
2hzVCRBpBW_100px_2.png,Fake
2iUwa7wAZC_100px_2.png,Fake
2iUwa7wAZC_100px_1.png,Real
2J2fosYAye_100px_1.png,Real
2J2fosYAye_100px_2.png,Fake
2Ltro3n60d_100px_1.png,Fake
2Ltro3n60d_100px_2.png,Fake
2n9bvpj1eU_100px_1.png,Fake
2n9bvpj1eU_100px_2.png,Real
2ocbmVJhYX_100px_1.png,Real
2ocbmVJhYX_100px_2.png,Real
2Pn09m3Wgt_100px_1.png,Real
2Pn09m3Wgt_100px_2.png,Fake
2SrSDI2Iu6_100px_1.png,Real
2SrSDI2Iu6_100px_2.png,Fake
2uLg9jRuTP_100px_1.png,Real
2uLg9jRuTP_100px_2.png,Real
2woUMdg26e_100px_1.png,Fake
2woUMdg26e_100px_2.png,Fake
30IQ1pwatg_100px_2.png,Real
30IQ1pwatg_100px_1.png,Fake
33PTTVlDJ1_100px_1.png,Real
33PTTVlDJ1_100px_2.png,Real
37ddFMOQWP_100px_1.png,Fake
3gNY5akiRB_100px_1.png,Fake
37ddFMOQWP_100px_2.png,Real
3gNY5akiRB_100px_2.png,Real
3h5hlJWXzM_100px_1.png,Fake
3h5hlJWXzM_100px_2.png,Fake
3IbcCaZop7_100px_1.png,Real
3IbcCaZop7_100px_2.png,Fake
3K8tRyZzMk_100px_1.png,Fake
3K8tRyZzMk_100px_2.png,Real
3k92cD53tE_100px_1.png,Fake
3k92cD53tE_100px_2.png,Fake
3Q7Y3iZJCq_100px_1.png,Real
3qFQw2ecpA_100px_1.png,Real
3Q7Y3iZJCq_100px_2.png,Real
3qFQw2ecpA_100px_2.png,Real
3rmAGZeDaB_100px_1.png,Fake
3rmAGZeDaB_100px_2.png,Real
3U8r3yTqqW_100px_1.png,Real
3UACdgC16M_100px_1.png,Fake
3U8r3yTqqW_100px_2.png,Real
3UACdgC16M_100px_2.png,Fake
3YlTRmrZhv_100px_1.png,Real
3YlTRmrZhv_100px_2.png,Real
3yyGu828Vf_100px_1.png,Real
3yyGu828Vf_100px_2.png,Fake
41xCmS0wAX_100px_1.png,Fake
41xCmS0wAX_100px_2.png,Fake
44p0d8Dkm1_100px_1.png,Real
44p0d8Dkm1_100px_2.png,Real
44X0Aw6faY_100px_1.png,Real
49gF35I80n_100px_1.png,Fake
44X0Aw6faY_100px_2.png,Fake
49gF35I80n_100px_2.png,Real
4D6SvAMPwm_100px_1.png,Real
4DngK8edQ3_100px_1.png,Real
4D6SvAMPwm_100px_2.png,Fake
4ejASHbqaS_100px_1.png,Fake
4ejASHbqaS_100px_2.png,Real
4DngK8edQ3_100px_2.png,Real
4EtFG0d35B_100px_1.png,Fake
4EtFG0d35B_100px_2.png,Fake
4gnFyfa1nb_100px_1.png,Real
4gnFyfa1nb_100px_2.png,Fake
4h0EnrNMyA_100px_2.png,Real
4kafHwHOot_100px_1.png,Fake
4h0EnrNMyA_100px_1.png,Real
4kafHwHOot_100px_2.png,Fake
4kGRoIvYSr_100px_1.png,Fake
4kGRoIvYSr_100px_2.png,Fake
4m877JTgnF_100px_1.png,Fake
4m877JTgnF_100px_2.png,Real
4mSUMDk3Vo_100px_1.png,Real
4mSUMDk3Vo_100px_2.png,Real
4nm3VMokSy_100px_1.png,Fake
4nm3VMokSy_100px_2.png,Real
4NQ2SaWjgY_100px_2.png,Fake
4NQ2SaWjgY_100px_1.png,Real
4pf3hZQUzx_100px_2.png,Real
4pf3hZQUzx_100px_1.png,Fake
4yju0Zzfb6_100px_1.png,Fake
4ypMmIuVfi_100px_1.png,Real
4ypMmIuVfi_100px_2.png,Real
4yju0Zzfb6_100px_2.png,Real
4YyEd9j8Ix_100px_1.png,Real
4YyEd9j8Ix_100px_2.png,Real
55XKdvdB34_100px_2.png,Fake
55XKdvdB34_100px_1.png,Fake
59Bgo87Y8y_100px_1.png,Real
59Bgo87Y8y_100px_2.png,Fake
5dEnenMxUM_100px_1.png,Real
5dEnenMxUM_100px_2.png,Real
5E1KlXnGc1_100px_1.png,Real
5E1KlXnGc1_100px_2.png,Real
5FYSyQHwM8_100px_2.png,Real
5hEn9CeNBb_100px_1.png,Fake
5FYSyQHwM8_100px_1.png,Real
5hEn9CeNBb_100px_2.png,Fake
5IXRknT7Ek_100px_1.png,Real
5IXRknT7Ek_100px_2.png,Fake
5nOVKKuwxf_100px_1.png,Real
5nOVKKuwxf_100px_2.png,Real
5pHtf3s8qE_100px_1.png,Real
5pHtf3s8qE_100px_2.png,Real
5s7tj0CgEL_100px_1.png,Real
5s7tj0CgEL_100px_2.png,Real
5SwWjlB9Ap_100px_2.png,Real
5SwWjlB9Ap_100px_1.png,Fake
5TbgYwGl5M_100px_1.png,Real
5TbgYwGl5M_100px_2.png,Real
5UrdvtlImO_100px_1.png,Fake
5UrdvtlImO_100px_2.png,Fake
5xAfgFvvuB_100px_2.png,Fake
5xAfgFvvuB_100px_1.png,Real
5YYgKyGytr_100px_2.png,Real
5YYgKyGytr_100px_1.png,Real
60FDA7ZmXk_100px_1.png,Fake
60FDA7ZmXk_100px_2.png,Fake
68wpYX5tlM_100px_1.png,Fake
6AMFV7F45D_100px_1.png,Fake
6AMFV7F45D_100px_2.png,Real
6cojZR7vSX_100px_1.png,Real
68wpYX5tlM_100px_2.png,Fake
6giGGhNpnr_100px_1.png,Real
6cojZR7vSX_100px_2.png,Real
6giGGhNpnr_100px_2.png,Real
6h10KRLuYa_100px_1.png,Fake
6h10KRLuYa_100px_2.png,Real
6JyE2iJmcA_100px_1.png,Real
6JyE2iJmcA_100px_2.png,Fake
6mgypxrE8b_100px_2.png,Fake
6MLmmN4KRp_100px_1.png,Real
6mgypxrE8b_100px_1.png,Fake
6MLmmN4KRp_100px_2.png,Real
6sNDOO7CT9_100px_1.png,Fake
6sNDOO7CT9_100px_2.png,Fake
6TNTLM9WBX_100px_1.png,Fake
6wKIqx3YAr_100px_1.png,Real
6wKIqx3YAr_100px_2.png,Fake
6TNTLM9WBX_100px_2.png,Real
6xw6KD6uDo_100px_1.png,Real
6xw6KD6uDo_100px_2.png,Real
6zI5736c5R_100px_1.png,Real
6zYkOD3nm6_100px_1.png,Real
6zI5736c5R_100px_2.png,Real
6zYkOD3nm6_100px_2.png,Real
72OtEbVIcb_100px_1.png,Real
73YrYpQw0h_100px_1.png,Real
72OtEbVIcb_100px_2.png,Real
73YrYpQw0h_100px_2.png,Fake
74lbhhVldP_100px_1.png,Real
74lbhhVldP_100px_2.png,Fake
7a5dP1yAgG_100px_2.png,Real
7a5dP1yAgG_100px_1.png,Real
7cMk28OG34_100px_1.png,Real
7cMk28OG34_100px_2.png,Real
7CSpPoY2BC_100px_1.png,Real
7CSpPoY2BC_100px_2.png,Fake
7GHuZaOSDU_100px_1.png,Real
7GHuZaOSDU_100px_2.png,Fake
7gKKopNQv9_100px_1.png,Fake
7gKKopNQv9_100px_2.png,Real
7IpfDNfvHH_100px_1.png,Real
7IpfDNfvHH_100px_2.png,Fake
7M3Bjwdn4b_100px_1.png,Real
7oEKHxmtPc_100px_1.png,Real
7M3Bjwdn4b_100px_2.png,Fake
7oEKHxmtPc_100px_2.png,Real
7ruM3eMk7p_100px_1.png,Fake
7ruM3eMk7p_100px_2.png,Fake
7T1nQodD5v_100px_1.png,Real
7T1nQodD5v_100px_2.png,Fake
7wlOreIpE7_100px_1.png,Real
7wlOreIpE7_100px_2.png,Real
7ZtMfjBpSN_100px_1.png,Real
7ZtMfjBpSN_100px_2.png,Real
822DCkPjyG_100px_1.png,Fake
828nihFZhg_100px_1.png,Real
822DCkPjyG_100px_2.png,Real
828nihFZhg_100px_2.png,Real
85dYIjgQe9_100px_1.png,Real
87ZL9afBvj_100px_1.png,Fake
85dYIjgQe9_100px_2.png,Fake
87ZL9afBvj_100px_2.png,Real
89yzBlYnKR_100px_1.png,Fake
89yzBlYnKR_100px_2.png,Fake
8djUdGsvTw_100px_1.png,Real
8djUdGsvTw_100px_2.png,Fake
8dyjLUFkvf_100px_1.png,Fake
8dyjLUFkvf_100px_2.png,Fake
8HKCVysdvQ_100px_2.png,Fake
8HKCVysdvQ_100px_1.png,Real
8Jw0LNJ9Nx_100px_1.png,Real
8Jw0LNJ9Nx_100px_2.png,Real
8lzbmjjGlc_100px_1.png,Fake
8lzbmjjGlc_100px_2.png,Real
8M6DeefqOH_100px_2.png,Real
8M6DeefqOH_100px_1.png,Fake
8oJ77nrGoC_100px_1.png,Fake
8oJ77nrGoC_100px_2.png,Real
8PkMQE9diT_100px_1.png,Fake
8VlH7KP9Z0_100px_1.png,Real
8PkMQE9diT_100px_2.png,Fake
8VlH7KP9Z0_100px_2.png,Fake
91CVG1vS5t_100px_1.png,Real
96WOLkPpOj_100px_1.png,Real
91CVG1vS5t_100px_2.png,Fake
96WOLkPpOj_100px_2.png,Real
9CExe4pldV_100px_2.png,Real
9CExe4pldV_100px_1.png,Real
9CJj3Cy1LZ_100px_1.png,Real
9CJj3Cy1LZ_100px_2.png,Real
9cV6bDhmcP_100px_1.png,Fake
9d3exSOasJ_100px_1.png,Real
9cV6bDhmcP_100px_2.png,Fake
9d3exSOasJ_100px_2.png,Real
9DLTzpB5JQ_100px_1.png,Fake
9DLTzpB5JQ_100px_2.png,Real
9EdHoSwD3O_100px_1.png,Real
9EdHoSwD3O_100px_2.png,Fake
9gdVcp5vdR_100px_1.png,Real
9gdVcp5vdR_100px_2.png,Real
9hYPcfPLSg_100px_2.png,Fake
9hYPcfPLSg_100px_1.png,Real
9IxNMGI6at_100px_1.png,Real
9IxNMGI6at_100px_2.png,Fake
9JF4hL61Cy_100px_1.png,Real
9JF4hL61Cy_100px_2.png,Real
9nJuJ1jYK0_100px_1.png,Fake
9nJuJ1jYK0_100px_2.png,Fake
9P1O1i0t3O_100px_2.png,Real
9P1O1i0t3O_100px_1.png,Real
9sWZ3V2RAW_100px_2.png,Fake
9sWZ3V2RAW_100px_1.png,Fake
9VOEni43zW_100px_1.png,Real
9VOEni43zW_100px_2.png,Real
9vveEKJv8C_100px_2.png,Real
9vveEKJv8C_100px_1.png,Real
9wLK3ZIuog_100px_1.png,Real
9wLK3ZIuog_100px_2.png,Fake
9Wnt9QW9BC_100px_1.png,Fake
9yGWgNULlF_100px_1.png,Real
9Wnt9QW9BC_100px_2.png,Fake
9ZXNbd65Yj_100px_1.png,Real
9yGWgNULlF_100px_2.png,Real
9ZXNbd65Yj_100px_2.png,Real
a06mihseCW_100px_1.png,Real
a06mihseCW_100px_2.png,Real
a0A9z1HjX3_100px_1.png,Fake
a0A9z1HjX3_100px_2.png,Real
a1XIatPkMT_100px_1.png,Fake
a1XIatPkMT_100px_2.png,Real
A2AraVuZqS_100px_2.png,Real
A2AraVuZqS_100px_1.png,Real
A8hv3SPN6v_100px_1.png,Fake
A8hv3SPN6v_100px_2.png,Fake
A9oA08PUx5_100px_1.png,Fake
A9oA08PUx5_100px_2.png,Real
AA0XMltN29_100px_2.png,Fake
AA0XMltN29_100px_1.png,Fake
Aa2ES3R86v_100px_1.png,Fake
aDBqc9DhjK_100px_1.png,Real
Aa2ES3R86v_100px_2.png,Fake
aDBqc9DhjK_100px_2.png,Fake
adwiXO4YQ8_100px_1.png,Real
adwiXO4YQ8_100px_2.png,Real
Ae8cnUBA1P_100px_2.png,Fake
Ae8cnUBA1P_100px_1.png,Real
aeVlsUIfkF_100px_2.png,Real
aeVlsUIfkF_100px_1.png,Fake
afuB3q4TQh_100px_1.png,Fake
afuB3q4TQh_100px_2.png,Real
AfYYauTKS2_100px_1.png,Real
AfYYauTKS2_100px_2.png,Real
AGu3tQdn4i_100px_2.png,Real
AGu3tQdn4i_100px_1.png,Fake
AGZqDjcjsd_100px_1.png,Fake
AGZqDjcjsd_100px_2.png,Fake
ahFbl8tIwq_100px_1.png,Fake
ahFbl8tIwq_100px_2.png,Fake
aHpvv5ViUl_100px_1.png,Real
ahXJUdm0rf_100px_1.png,Fake
aHpvv5ViUl_100px_2.png,Real
ahXJUdm0rf_100px_2.png,Real
aISo8DtVle_100px_2.png,Real
ALNxPvubVB_100px_1.png,Fake
ALNxPvubVB_100px_2.png,Fake
aISo8DtVle_100px_1.png,Fake
ALwHyBaNjW_100px_2.png,Fake
ALwHyBaNjW_100px_1.png,Real
aMGqRvt7Qk_100px_1.png,Fake
aMGqRvt7Qk_100px_2.png,Fake
aoERZXk85j_100px_1.png,Real
APhEGkTfvn_100px_1.png,Real
aoERZXk85j_100px_2.png,Fake
apinht6UXz_100px_1.png,Fake
APhEGkTfvn_100px_2.png,Fake
apinht6UXz_100px_2.png,Fake
Ari8q3vdrb_100px_2.png,Fake
Ari8q3vdrb_100px_1.png,Fake
ArzY13KQCu_100px_1.png,Real
ArzY13KQCu_100px_2.png,Real
AS7Hf2avxD_100px_1.png,Real
AS7Hf2avxD_100px_2.png,Real
ATFFhfmaUq_100px_1.png,Fake
ATFFhfmaUq_100px_2.png,Real
ATXZOcTCSa_100px_1.png,Fake
AuPv3tA5K1_100px_1.png,Fake
AuPv3tA5K1_100px_2.png,Fake
ATXZOcTCSa_100px_2.png,Real
Av73QrkurS_100px_2.png,Real
Av73QrkurS_100px_1.png,Fake
AWiDX9Gayp_100px_1.png,Fake
AWz8k0WjNc_100px_1.png,Real
AWiDX9Gayp_100px_2.png,Fake
AWz8k0WjNc_100px_2.png,Fake
Ax0AEMaqAP_100px_1.png,Real
Ax0AEMaqAP_100px_2.png,Real
aYaV3XOJrH_100px_1.png,Fake
aYaV3XOJrH_100px_2.png,Real
az2UcwYJhF_100px_1.png,Fake
az2UcwYJhF_100px_2.png,Real
B09rpfbJBJ_100px_1.png,Fake
B09rpfbJBJ_100px_2.png,Fake
B5StAMeBRs_100px_2.png,Fake
B5StAMeBRs_100px_1.png,Real
b6JZhtnTIj_100px_1.png,Real
b6W4rkieRv_100px_1.png,Real
b6JZhtnTIj_100px_2.png,Real
b6W4rkieRv_100px_2.png,Real
b8GxnlvYNV_100px_1.png,Real
b8GxnlvYNV_100px_2.png,Real
bAMPOSn09C_100px_1.png,Real
bAMPOSn09C_100px_2.png,Fake
BBzTy0Ez6H_100px_2.png,Real
BBzTy0Ez6H_100px_1.png,Real
bdCINxngbE_100px_1.png,Real
bdCINxngbE_100px_2.png,Fake
bdUb1Pbn4t_100px_1.png,Real
bdUb1Pbn4t_100px_2.png,Fake
beBZdzk62n_100px_1.png,Fake
beBZdzk62n_100px_2.png,Real
bhjTpMO8xm_100px_2.png,Real
Bii3bM8OE0_100px_1.png,Real
bhjTpMO8xm_100px_1.png,Real
Bii3bM8OE0_100px_2.png,Fake
bIysRHZEH1_100px_1.png,Real
bIysRHZEH1_100px_2.png,Real
BjS9SZI6XS_100px_1.png,Fake
BjS9SZI6XS_100px_2.png,Real
bjSDwABcnl_100px_1.png,Real
bjSDwABcnl_100px_2.png,Fake
BJXF06xWf5_100px_1.png,Real
BJXF06xWf5_100px_2.png,Fake
bjYZhf3ydh_100px_1.png,Real
bjYZhf3ydh_100px_2.png,Real
BnFpOMM5hx_100px_1.png,Fake
BnFpOMM5hx_100px_2.png,Fake
BniP2QwEjx_100px_1.png,Fake
BniP2QwEjx_100px_2.png,Fake
Bo2qD6CCqe_100px_1.png,Fake
Bo2qD6CCqe_100px_2.png,Fake
bpPvHIgrcu_100px_1.png,Fake
bpPvHIgrcu_100px_2.png,Real
bQFM7DiVu2_100px_1.png,Real
BrpuEO4Pw3_100px_1.png,Real
bQFM7DiVu2_100px_2.png,Fake
BSHdi481RT_100px_1.png,Fake
BrpuEO4Pw3_100px_2.png,Fake
BSHdi481RT_100px_2.png,Real
Bsit4tjyqm_100px_1.png,Real
Bsit4tjyqm_100px_2.png,Real
BsyJrgvcxZ_100px_1.png,Fake
BsyJrgvcxZ_100px_2.png,Real
bt9u2xNguW_100px_2.png,Real
bti9N8Wydz_100px_1.png,Fake
bt9u2xNguW_100px_1.png,Fake
BTouUCk0Fi_100px_1.png,Fake
bti9N8Wydz_100px_2.png,Fake
BTouUCk0Fi_100px_2.png,Fake
bU9b0QloRM_100px_1.png,Fake
bU9b0QloRM_100px_2.png,Fake
bv7jkUHjHe_100px_1.png,Real
bv7jkUHjHe_100px_2.png,Real
BwALfMqtxO_100px_1.png,Real
Bx3NZ6BApn_100px_1.png,Real
BwALfMqtxO_100px_2.png,Fake
Bx3NZ6BApn_100px_2.png,Fake
BxGoNWF9NJ_100px_1.png,Fake
BxGoNWF9NJ_100px_2.png,Fake
BxjKzWIuY9_100px_2.png,Fake
bZHxp9s8ma_100px_1.png,Fake
BxjKzWIuY9_100px_1.png,Fake
bzOKoIh9ZD_100px_1.png,Real
bZHxp9s8ma_100px_2.png,Fake
bzOKoIh9ZD_100px_2.png,Real
c7b9DgDm3r_100px_2.png,Fake
c7b9DgDm3r_100px_1.png,Real
c7PLeql54b_100px_1.png,Fake
C7xwzA1AeQ_100px_1.png,Fake
c7PLeql54b_100px_2.png,Fake
C7xwzA1AeQ_100px_2.png,Fake
cbtB1pOKvF_100px_1.png,Fake
cbtB1pOKvF_100px_2.png,Fake
CckNoYImR4_100px_1.png,Fake
CckNoYImR4_100px_2.png,Real
CD7XWAgubv_100px_1.png,Fake
CD7XWAgubv_100px_2.png,Real
ceEtJUGhfj_100px_1.png,Fake
ceEtJUGhfj_100px_2.png,Fake
CEwfibNt6q_100px_1.png,Real
CFoszSjLyI_100px_1.png,Fake
CEwfibNt6q_100px_2.png,Fake
CFoszSjLyI_100px_2.png,Real
CgAUYaBhd4_100px_1.png,Fake
CgAUYaBhd4_100px_2.png,Real
ChtKC2e7EK_100px_1.png,Fake
cHueEa5aWv_100px_1.png,Real
ChtKC2e7EK_100px_2.png,Real
CJFe5Vzi6j_100px_1.png,Fake
CJFe5Vzi6j_100px_2.png,Real
cHueEa5aWv_100px_2.png,Fake
cjqXvBgclc_100px_1.png,Fake
cjqXvBgclc_100px_2.png,Real
cjv6a2W2Py_100px_1.png,Fake
ckKeRxtTrs_100px_1.png,Real
cjv6a2W2Py_100px_2.png,Fake
ckKeRxtTrs_100px_2.png,Real
Cm2voX8UBb_100px_1.png,Fake
Cm2voX8UBb_100px_2.png,Fake
cm3eT14LWf_100px_1.png,Real
cm3eT14LWf_100px_2.png,Fake
cMuSW65wTI_100px_1.png,Real
cMuSW65wTI_100px_2.png,Fake
CNpVPgsuHk_100px_1.png,Real
CNpVPgsuHk_100px_2.png,Real
cpDa4Xzkwf_100px_2.png,Real
cpDa4Xzkwf_100px_1.png,Real
cphcs1TowL_100px_1.png,Fake
cphcs1TowL_100px_2.png,Fake
cpUZPMxAUn_100px_1.png,Real
cpUZPMxAUn_100px_2.png,Real
cTn788MIMW_100px_1.png,Fake
cTn788MIMW_100px_2.png,Fake
cviDE5eogk_100px_1.png,Fake
cviDE5eogk_100px_2.png,Fake
CVLg4Qhsga_100px_1.png,Fake
CVLg4Qhsga_100px_2.png,Real
cXI0ZAQnYE_100px_2.png,Fake
CXSiqaVuBw_100px_1.png,Fake
CXSiqaVuBw_100px_2.png,Fake
cXI0ZAQnYE_100px_1.png,Real
CxzG4PhlV7_100px_1.png,Real
CxzG4PhlV7_100px_2.png,Fake
cXZSrhkGQF_100px_1.png,Real
cXZSrhkGQF_100px_2.png,Real
Cyf6SA7fWV_100px_2.png,Real
Cyf6SA7fWV_100px_1.png,Fake
Cyr3awkVpc_100px_1.png,Real
Cyr3awkVpc_100px_2.png,Real
CYV45Mtndt_100px_1.png,Real
CYV45Mtndt_100px_2.png,Real
D28oSduYb5_100px_1.png,Real
D3bWqkC9zQ_100px_1.png,Real
D28oSduYb5_100px_2.png,Real
d4yOiuQLRv_100px_1.png,Fake
D3bWqkC9zQ_100px_2.png,Real
D8CW5dhFB7_100px_1.png,Real
d4yOiuQLRv_100px_2.png,Real
D8CW5dhFB7_100px_2.png,Fake
DauTYEsVti_100px_1.png,Fake
DauTYEsVti_100px_2.png,Fake
dbdyg30bJy_100px_1.png,Real
dbdyg30bJy_100px_2.png,Real
dbOXlJdhb2_100px_1.png,Fake
dbOXlJdhb2_100px_2.png,Real
DcbSC06HIN_100px_2.png,Real
DcbSC06HIN_100px_1.png,Real
DdHpbZfWbb_100px_1.png,Real
DdHpbZfWbb_100px_2.png,Real
dgR4g1wyWx_100px_1.png,Fake
dgR4g1wyWx_100px_2.png,Real
DH2wp9pRyg_100px_2.png,Fake
DH2wp9pRyg_100px_1.png,Fake
dH6uZnTZDb_100px_1.png,Real
dH6uZnTZDb_100px_2.png,Fake
Dhoc4NYJPR_100px_2.png,Real
Dhoc4NYJPR_100px_1.png,Real
dI83YEkuRD_100px_1.png,Real
dI83YEkuRD_100px_2.png,Real
Dmf5KGsg5j_100px_1.png,Fake
Dmf5KGsg5j_100px_2.png,Fake
DMtXto6d91_100px_1.png,Real
DMtXto6d91_100px_2.png,Fake
DnO6GkauY9_100px_1.png,Fake
DNOQJPzvWI_100px_1.png,Real
DnO6GkauY9_100px_2.png,Real
DnZZ4WFzZm_100px_1.png,Real
DNOQJPzvWI_100px_2.png,Real
dOH4gpgz9m_100px_1.png,Real
dOH4gpgz9m_100px_2.png,Fake
DnZZ4WFzZm_100px_2.png,Fake
DteJ9RvM4S_100px_1.png,Real
DUz4Ar2qru_100px_1.png,Fake
DUz4Ar2qru_100px_2.png,Fake
DteJ9RvM4S_100px_2.png,Real
DwW6rh306G_100px_1.png,Real
e2RciYhXBZ_100px_1.png,Real
DwW6rh306G_100px_2.png,Fake
e2RciYhXBZ_100px_2.png,Real
E3Jwl6WPCc_100px_1.png,Real
E3Jwl6WPCc_100px_2.png,Fake
E648XeQ1Ph_100px_1.png,Real
E648XeQ1Ph_100px_2.png,Fake
e7LriwGipX_100px_1.png,Real
E7varWPp5Q_100px_1.png,Real
e7LriwGipX_100px_2.png,Fake
E7varWPp5Q_100px_2.png,Fake
e9v30jkCEJ_100px_1.png,Fake
e9v30jkCEJ_100px_2.png,Real
Ea4q3Hqedd_100px_2.png,Fake
Ea4q3Hqedd_100px_1.png,Real
easG53dJes_100px_1.png,Fake
easG53dJes_100px_2.png,Real
ecQdnsE3a8_100px_1.png,Real
ecQdnsE3a8_100px_2.png,Real
EcsJMfhfcU_100px_1.png,Real
EcsJMfhfcU_100px_2.png,Real
EdaDrtl0Sa_100px_1.png,Real
EDHthynRHU_100px_1.png,Real
EDHthynRHU_100px_2.png,Fake
EdaDrtl0Sa_100px_2.png,Real
eDmLUMM8LW_100px_2.png,Fake
eDmLUMM8LW_100px_1.png,Real
eDU5XGLmOk_100px_1.png,Fake
eDU5XGLmOk_100px_2.png,Fake
Eee1fUk2AQ_100px_1.png,Real
Eg0nxlsTkD_100px_1.png,Real
Eg0nxlsTkD_100px_2.png,Real
Eee1fUk2AQ_100px_2.png,Fake
eGE3n7fVXK_100px_1.png,Real
eGE3n7fVXK_100px_2.png,Real
eIs6h5luB4_100px_1.png,Fake
eJ3N1qkbx6_100px_1.png,Real
eIs6h5luB4_100px_2.png,Real
eJ3N1qkbx6_100px_2.png,Fake
EjcigLxXXA_100px_1.png,Real
EjcigLxXXA_100px_2.png,Real
eKA8FLb851_100px_1.png,Real
ElfPTRrPf2_100px_1.png,Fake
eKA8FLb851_100px_2.png,Real
elKjMqlw4k_100px_1.png,Real
ElfPTRrPf2_100px_2.png,Real
elKjMqlw4k_100px_2.png,Fake
ElYDFKFife_100px_2.png,Fake
ElYDFKFife_100px_1.png,Real
EMrxh128Yo_100px_1.png,Real
EMrxh128Yo_100px_2.png,Real
engJobx1Sm_100px_1.png,Real
engJobx1Sm_100px_2.png,Fake
eOHTkGYoCk_100px_2.png,Fake
eOHTkGYoCk_100px_1.png,Real
eOIRnczabO_100px_2.png,Fake
eOIRnczabO_100px_1.png,Fake
ePAtffOiNa_100px_1.png,Real
ePAtffOiNa_100px_2.png,Real
EPykDApzaF_100px_2.png,Fake
EPykDApzaF_100px_1.png,Real
eQyghV7Lp8_100px_1.png,Real
eQyghV7Lp8_100px_2.png,Fake
eTQxTxHyf7_100px_1.png,Real
eTQxTxHyf7_100px_2.png,Fake
etS6S35HIb_100px_2.png,Fake
etS6S35HIb_100px_1.png,Real
eurgvHfyYL_100px_1.png,Fake
eurgvHfyYL_100px_2.png,Fake
evBzgU4UdH_100px_2.png,Real
ew0VnPu1jI_100px_1.png,Real
evBzgU4UdH_100px_1.png,Fake
ew0VnPu1jI_100px_2.png,Real
eZkNWBKira_100px_2.png,Fake
F0SEb65AXr_100px_1.png,Real
eZkNWBKira_100px_1.png,Fake
F11SQarGOV_100px_1.png,Real
F0SEb65AXr_100px_2.png,Real
F84IO1vfP9_100px_1.png,Real
F11SQarGOV_100px_2.png,Real
F84IO1vfP9_100px_2.png,Real
FabKOiLwQS_100px_1.png,Fake
FBQsLOgm0i_100px_1.png,Real
FBQsLOgm0i_100px_2.png,Fake
FabKOiLwQS_100px_2.png,Real
fclKVLPhKo_100px_1.png,Real
fclKVLPhKo_100px_2.png,Fake
FCteJQlLY2_100px_2.png,Real
FCteJQlLY2_100px_1.png,Real
FD79J5ldn0_100px_1.png,Real
FD79J5ldn0_100px_2.png,Fake
feT3Y6PBW6_100px_1.png,Fake
feT3Y6PBW6_100px_2.png,Fake
fFeHNH5rvs_100px_1.png,Fake
fFeHNH5rvs_100px_2.png,Fake
FFUXsVGQk9_100px_2.png,Real
FFUXsVGQk9_100px_1.png,Fake
fGYrEAmsij_100px_1.png,Real
fGYrEAmsij_100px_2.png,Fake
Fh5uIoHceA_100px_1.png,Fake
FHVRUOk2dY_100px_1.png,Real
Fh5uIoHceA_100px_2.png,Fake
FHVRUOk2dY_100px_2.png,Real
FHYza4wIi9_100px_1.png,Fake
fjV7eYfK0C_100px_1.png,Fake
FHYza4wIi9_100px_2.png,Fake
fjV7eYfK0C_100px_2.png,Real
FkPlGQFvcz_100px_2.png,Fake
FkPlGQFvcz_100px_1.png,Real
FLe058qF50_100px_1.png,Fake
FR1M49faTM_100px_1.png,Real
FLe058qF50_100px_2.png,Fake
FsKcj3P9Ta_100px_1.png,Fake
FR1M49faTM_100px_2.png,Fake
FsKcj3P9Ta_100px_2.png,Fake
FtnCpLf0Mu_100px_2.png,Fake
FtnCpLf0Mu_100px_1.png,Real
fto0rfaq0T_100px_1.png,Real
fu2a1JMxDo_100px_1.png,Real
fto0rfaq0T_100px_2.png,Real
FuG2Hq7RDC_100px_1.png,Real
fu2a1JMxDo_100px_2.png,Fake
FuG2Hq7RDC_100px_2.png,Real
FVho1PBkjm_100px_1.png,Fake
fVXO5YoAFM_100px_1.png,Real
FVho1PBkjm_100px_2.png,Fake
fVXO5YoAFM_100px_2.png,Real
FwKBz6Dzzp_100px_1.png,Real
FwKBz6Dzzp_100px_2.png,Real
FwRIHFdOni_100px_1.png,Fake
fwVKnpv4Kw_100px_1.png,Fake
fwVKnpv4Kw_100px_2.png,Real
FwRIHFdOni_100px_2.png,Fake
g07hEQzMvQ_100px_1.png,Real
g07hEQzMvQ_100px_2.png,Real
g5sFZAHLQ2_100px_1.png,Real
G6Zu1pUiVc_100px_1.png,Fake
g5sFZAHLQ2_100px_2.png,Fake
G6Zu1pUiVc_100px_2.png,Fake
G7HlD8ZQwo_100px_1.png,Real
G7HlD8ZQwo_100px_2.png,Fake
GAVSWBMpz1_100px_1.png,Fake
gcckTpBSzd_100px_1.png,Real
GAVSWBMpz1_100px_2.png,Real
GCV5EjfcSc_100px_1.png,Fake
gcckTpBSzd_100px_2.png,Fake
GCV5EjfcSc_100px_2.png,Real
GfXyDqWMaf_100px_2.png,Fake
GfXyDqWMaf_100px_1.png,Fake
Gg8fQToiK9_100px_1.png,Fake
Gg8fQToiK9_100px_2.png,Fake
ghKwNaFpyG_100px_1.png,Fake
ghoQu4QhxM_100px_1.png,Fake
ghKwNaFpyG_100px_2.png,Fake
ghoQu4QhxM_100px_2.png,Real
gj76kFZ4yj_100px_1.png,Real
gj76kFZ4yj_100px_2.png,Fake
gkA4TKNBlb_100px_2.png,Fake
gKdhsuLYVz_100px_1.png,Real
gkA4TKNBlb_100px_1.png,Real
gKdhsuLYVz_100px_2.png,Fake
Gki82pcpkS_100px_1.png,Fake
GL69kbXojE_100px_1.png,Real
Gki82pcpkS_100px_2.png,Fake
GL69kbXojE_100px_2.png,Real
gMXExY88Km_100px_1.png,Real
gMXExY88Km_100px_2.png,Fake
goGMNSL5ud_100px_2.png,Real
goGMNSL5ud_100px_1.png,Real
gPVtARWYCP_100px_1.png,Fake
gPVtARWYCP_100px_2.png,Fake
gqUrJdPJtd_100px_1.png,Fake
gqUrJdPJtd_100px_2.png,Fake
GrQppIBKe8_100px_1.png,Fake
GrQppIBKe8_100px_2.png,Fake
GrrxnKaQIN_100px_2.png,Fake
GrrxnKaQIN_100px_1.png,Fake
GSGPAtSZRu_100px_1.png,Fake
GSGPAtSZRu_100px_2.png,Fake
GsNPVEFHdv_100px_1.png,Fake
GsNPVEFHdv_100px_2.png,Real
GTdiuXjGsJ_100px_1.png,Real
GTdiuXjGsJ_100px_2.png,Fake
GuErQ2fWXS_100px_1.png,Fake
GuErQ2fWXS_100px_2.png,Real
Gwzn9Y7cNs_100px_1.png,Fake
Gwzn9Y7cNs_100px_2.png,Real
gXTtWFSDpO_100px_1.png,Real
gXTtWFSDpO_100px_2.png,Fake
gXUyc00xZl_100px_2.png,Fake
gXUyc00xZl_100px_1.png,Fake
GxZO42cAPl_100px_2.png,Fake
gYa4WKRs3C_100px_1.png,Fake
gYa4WKRs3C_100px_2.png,Fake
GxZO42cAPl_100px_1.png,Real
GyZ8lBIdtp_100px_1.png,Real
h13JbFg5ed_100px_1.png,Fake
GyZ8lBIdtp_100px_2.png,Fake
h6LVhSCIGA_100px_1.png,Fake
h13JbFg5ed_100px_2.png,Fake
h6LVhSCIGA_100px_2.png,Real
HBF61Fmy1T_100px_1.png,Real
HBF61Fmy1T_100px_2.png,Real
hBSg6dqImB_100px_1.png,Fake
hBSg6dqImB_100px_2.png,Fake
HcmxOdoS0y_100px_1.png,Fake
hdDlLFl1zm_100px_1.png,Fake
HcmxOdoS0y_100px_2.png,Fake
hdDlLFl1zm_100px_2.png,Real
HdTZcauASg_100px_1.png,Real
HDxkwA3moc_100px_1.png,Fake
HdTZcauASg_100px_2.png,Real
HDxkwA3moc_100px_2.png,Fake
he2DnmeWUM_100px_1.png,Fake
he2DnmeWUM_100px_2.png,Real
HEZ0EQ5lIp_100px_1.png,Fake
HEZ0EQ5lIp_100px_2.png,Real
hijl283rhQ_100px_2.png,Fake
hijl283rhQ_100px_1.png,Fake
HiQr8hAvJ5_100px_1.png,Fake
Hqh8du9pof_100px_1.png,Fake
HiQr8hAvJ5_100px_2.png,Fake
Hqh8du9pof_100px_2.png,Fake
HQYwtbMm4s_100px_1.png,Real
HQYwtbMm4s_100px_2.png,Real
HS7rDU8ZaP_100px_2.png,Real
ht2xoImqiz_100px_1.png,Fake
HS7rDU8ZaP_100px_1.png,Fake
ht2xoImqiz_100px_2.png,Real
HUhMcd7TUN_100px_1.png,Real
HUhMcd7TUN_100px_2.png,Fake
HvpXaO7gdK_100px_1.png,Real
HvpXaO7gdK_100px_2.png,Real
hwCApasTXr_100px_2.png,Fake
hwCApasTXr_100px_1.png,Fake
HwHGdele3N_100px_1.png,Fake
HwHGdele3N_100px_2.png,Real
hwRDSmjKLu_100px_1.png,Fake
hwRDSmjKLu_100px_2.png,Fake
HXrosGodxy_100px_1.png,Real
HXrosGodxy_100px_2.png,Real
hXT8g26NOC_100px_1.png,Fake
hXT8g26NOC_100px_2.png,Real
hz0PgHjzgD_100px_2.png,Fake
HZ5utwMiEr_100px_1.png,Fake
HZ5utwMiEr_100px_2.png,Fake
hz0PgHjzgD_100px_1.png,Real
i2PLrMQhQI_100px_1.png,Real
i63iPGRYat_100px_1.png,Real
i2PLrMQhQI_100px_2.png,Fake
i63iPGRYat_100px_2.png,Real
I6KOBHKBZp_100px_1.png,Real
I6KOBHKBZp_100px_2.png,Fake
I6PQ8ctGmV_100px_2.png,Real
I6PQ8ctGmV_100px_1.png,Real
i77qngBNXE_100px_2.png,Fake
IaoiXT8llC_100px_1.png,Real
i77qngBNXE_100px_1.png,Fake
IaoiXT8llC_100px_2.png,Real
ibsFYoU1Lz_100px_1.png,Real
ibsFYoU1Lz_100px_2.png,Fake
ICSSrZtcDf_100px_1.png,Fake
IEkos4qB89_100px_1.png,Fake
ICSSrZtcDf_100px_2.png,Real
iFKqBwT4HB_100px_1.png,Real
IEkos4qB89_100px_2.png,Fake
IgF20GgYJw_100px_1.png,Real
iFKqBwT4HB_100px_2.png,Fake
iiZKpnPZBf_100px_1.png,Fake
IgF20GgYJw_100px_2.png,Fake
iiZKpnPZBf_100px_2.png,Fake
ijNnitzdCH_100px_1.png,Fake
ijNnitzdCH_100px_2.png,Real
iLI6IRFrVt_100px_1.png,Fake
iLI6IRFrVt_100px_2.png,Real
iLJALVj0P4_100px_1.png,Real
iLYAnkbddn_100px_1.png,Real
iLYAnkbddn_100px_2.png,Real
iLJALVj0P4_100px_2.png,Real
IN22Vn98kH_100px_1.png,Real
IN22Vn98kH_100px_2.png,Real
inqWDLZwD6_100px_2.png,Real
inqWDLZwD6_100px_1.png,Real
IPBU0JUcQV_100px_1.png,Real
iPcMzxBzfg_100px_1.png,Real
IPBU0JUcQV_100px_2.png,Fake
iPcMzxBzfg_100px_2.png,Fake
iPN6lR89Z5_100px_1.png,Real
iPN6lR89Z5_100px_2.png,Real
Iq0hL8LFDw_100px_1.png,Real
iqUL17PZvR_100px_1.png,Fake
Iq0hL8LFDw_100px_2.png,Fake
iqUL17PZvR_100px_2.png,Real
IQuz4goYx6_100px_2.png,Real
IQuz4goYx6_100px_1.png,Real
IsBHPffUvr_100px_1.png,Real
ISc9OajZsL_100px_1.png,Fake
IsBHPffUvr_100px_2.png,Real
ISc9OajZsL_100px_2.png,Real
iuoOFYYbJQ_100px_1.png,Real
iuoOFYYbJQ_100px_2.png,Fake
IVc54DrnFU_100px_1.png,Real
IVc54DrnFU_100px_2.png,Fake
ix8IYw0wZE_100px_1.png,Real
ix8IYw0wZE_100px_2.png,Fake
IXcY1vw4gi_100px_1.png,Fake
IXcY1vw4gi_100px_2.png,Real
iXgmar1TFy_100px_1.png,Real
iXgmar1TFy_100px_2.png,Real
iXHHSDd4z9_100px_1.png,Real
IYJ5sGOywA_100px_1.png,Real
iXHHSDd4z9_100px_2.png,Fake
IYJ5sGOywA_100px_2.png,Real
iYxBfbM1Na_100px_2.png,Real
izd45krd9R_100px_1.png,Real
iYxBfbM1Na_100px_1.png,Real
izd45krd9R_100px_2.png,Fake
j4fZKSH2i3_100px_1.png,Real
j6eDUET3h8_100px_1.png,Real
j6eDUET3h8_100px_2.png,Fake
jaIlKYqATu_100px_1.png,Real
j4fZKSH2i3_100px_2.png,Real
jaNcquweUw_100px_1.png,Fake
jaIlKYqATu_100px_2.png,Real
JbfXEeHlGx_100px_1.png,Fake
jaNcquweUw_100px_2.png,Real
JbfXEeHlGx_100px_2.png,Real
Jc2cxWtTJC_100px_1.png,Real
Jc2cxWtTJC_100px_2.png,Real
JE27lY2RUk_100px_1.png,Fake
JE27lY2RUk_100px_2.png,Real
jeHUNlJ9cL_100px_1.png,Real
jejeyv0BJz_100px_1.png,Fake
jeHUNlJ9cL_100px_2.png,Fake
jejeyv0BJz_100px_2.png,Fake
jEOJH1KzHR_100px_2.png,Fake
jEOJH1KzHR_100px_1.png,Real
jFLiVyusmJ_100px_2.png,Fake
jFLiVyusmJ_100px_1.png,Fake
JgF58eQ4dA_100px_1.png,Fake
JgF58eQ4dA_100px_2.png,Real
JGiJeeWx7F_100px_1.png,Fake
JGiJeeWx7F_100px_2.png,Real
jHBP57h1r6_100px_1.png,Real
jHBP57h1r6_100px_2.png,Fake
jITOBS1fYV_100px_1.png,Real
jITOBS1fYV_100px_2.png,Fake
JIwHkxECbr_100px_1.png,Real
JIwHkxECbr_100px_2.png,Fake
JJNXkfwppE_100px_1.png,Fake
jJWNF6NgJc_100px_1.png,Real
JJNXkfwppE_100px_2.png,Fake
jJWNF6NgJc_100px_2.png,Real
jlpL6wXiHe_100px_2.png,Real
jlpL6wXiHe_100px_1.png,Real
JMaUetyPMV_100px_2.png,Fake
JMaUetyPMV_100px_1.png,Real
jmFSKfkvgQ_100px_1.png,Real
jmFSKfkvgQ_100px_2.png,Fake
jmKvADvy50_100px_2.png,Real
jmKvADvy50_100px_1.png,Fake
joVXRB3RGG_100px_2.png,Fake
JpfMcSvqXn_100px_1.png,Real
joVXRB3RGG_100px_1.png,Fake
JQi1iN6lNq_100px_1.png,Real
JpfMcSvqXn_100px_2.png,Fake
JQi1iN6lNq_100px_2.png,Real
jrLlEf8ZP8_100px_2.png,Fake
jrLlEf8ZP8_100px_1.png,Real
JSBJmycZ0y_100px_1.png,Real
jsN6sC9f1F_100px_1.png,Fake
JSBJmycZ0y_100px_2.png,Real
jsN6sC9f1F_100px_2.png,Real
JtMnDdfQgA_100px_1.png,Fake
JtMnDdfQgA_100px_2.png,Fake
jtsJb30f13_100px_1.png,Real
jtsJb30f13_100px_2.png,Real
jUSVtTmTtm_100px_1.png,Real
jUSVtTmTtm_100px_2.png,Fake
jVxZ24KJVH_100px_2.png,Fake
jVxZ24KJVH_100px_1.png,Real
jwgfgqCOcF_100px_1.png,Fake
jwgfgqCOcF_100px_2.png,Real
JX6yt4wIG0_100px_1.png,Fake
JxBauhpGRt_100px_1.png,Fake
JX6yt4wIG0_100px_2.png,Fake
JxBauhpGRt_100px_2.png,Fake
JXK08Wi1Pi_100px_1.png,Real
jymgheKSfc_100px_1.png,Real
JXK08Wi1Pi_100px_2.png,Real
jymgheKSfc_100px_2.png,Fake
k0pYFdLcX0_100px_1.png,Fake
k0pYFdLcX0_100px_2.png,Real
KAzSZcIblo_100px_1.png,Fake
KAzSZcIblo_100px_2.png,Fake
KhZBQ8Eul3_100px_1.png,Fake
KhZBQ8Eul3_100px_2.png,Real
khZXKymx1X_100px_1.png,Fake
khZXKymx1X_100px_2.png,Fake
KIioC8BROB_100px_1.png,Real
KIioC8BROB_100px_2.png,Fake
KMcCfnpWHm_100px_1.png,Real
KMcCfnpWHm_100px_2.png,Real
kmVlREsng1_100px_2.png,Fake
kNNGwBChqv_100px_1.png,Real
kmVlREsng1_100px_1.png,Fake
kOe0KOAGpS_100px_1.png,Real
kNNGwBChqv_100px_2.png,Fake
kPGwmZ3h39_100px_1.png,Real
kOe0KOAGpS_100px_2.png,Fake
kPGwmZ3h39_100px_2.png,Fake
kqBhExgX5n_100px_1.png,Fake
kQJDNHM942_100px_1.png,Fake
kQJDNHM942_100px_2.png,Fake
kR2cU8uEOo_100px_1.png,Real
kR2cU8uEOo_100px_2.png,Fake
kqBhExgX5n_100px_2.png,Fake
KrzFgBgD7J_100px_1.png,Fake
KrzFgBgD7J_100px_2.png,Real
KT32WtEhKf_100px_1.png,Real
KT32WtEhKf_100px_2.png,Fake
ktZ73PqToW_100px_1.png,Real
ktZ73PqToW_100px_2.png,Fake
KU5eibVLkQ_100px_1.png,Real
KU5eibVLkQ_100px_2.png,Fake
kv9ITjZRgC_100px_1.png,Fake
kv9ITjZRgC_100px_2.png,Fake
kwSJV3ADIZ_100px_2.png,Fake
kwSJV3ADIZ_100px_1.png,Real
kZ8oJN83Mc_100px_2.png,Real
kZ8oJN83Mc_100px_1.png,Fake
l1aso0kcAv_100px_1.png,Fake
l32Jhpg8pD_100px_1.png,Fake
l1aso0kcAv_100px_2.png,Fake
l32Jhpg8pD_100px_2.png,Fake
L4LTpGB5op_100px_2.png,Fake
L4LTpGB5op_100px_1.png,Fake
LAKrheF27N_100px_2.png,Real
LBtqzFu0g1_100px_1.png,Fake
LAKrheF27N_100px_1.png,Real
LBtqzFu0g1_100px_2.png,Fake
lbV8KozcwN_100px_1.png,Fake
lbV8KozcwN_100px_2.png,Fake
lCqnya6snN_100px_2.png,Real
lCqnya6snN_100px_1.png,Fake
LeMFbOkSjh_100px_2.png,Fake
LeMFbOkSjh_100px_1.png,Real
LEmpm5DJfx_100px_1.png,Real
LEmpm5DJfx_100px_2.png,Fake
lFj1PM5lO4_100px_2.png,Real
lFj1PM5lO4_100px_1.png,Fake
lfoImUiGJh_100px_2.png,Fake
LFSzh0Wanm_100px_2.png,Real
lfoImUiGJh_100px_1.png,Fake
LFSzh0Wanm_100px_1.png,Fake
LIrKos4qwW_100px_1.png,Real
LIrKos4qwW_100px_2.png,Fake
lIqdFvogRx_100px_2.png,Fake
lIqdFvogRx_100px_1.png,Real
ljc9WGZoDm_100px_1.png,Real
LJNcRFQF82_100px_2.png,Fake
ljc9WGZoDm_100px_2.png,Real
LJNcRFQF82_100px_1.png,Real
lK6Uf4v9un_100px_1.png,Real
lK6Uf4v9un_100px_2.png,Real
lKi2Cn90Ch_100px_2.png,Fake
lKi2Cn90Ch_100px_1.png,Fake
LLHLOqQQeH_100px_1.png,Fake
LLuPp7RYyd_100px_1.png,Real
LLHLOqQQeH_100px_2.png,Real
LmooZVASzL_100px_1.png,Fake
Lmw6Z8cXyF_100px_1.png,Fake
LmooZVASzL_100px_2.png,Fake
Lmw6Z8cXyF_100px_2.png,Fake
lnJdlwpG0k_100px_1.png,Fake
LLuPp7RYyd_100px_2.png,Real
LOIQPc0VwS_100px_1.png,Fake
LPWhOTLlbB_100px_1.png,Real
LPWhOTLlbB_100px_2.png,Fake
lnJdlwpG0k_100px_2.png,Real
LOIQPc0VwS_100px_2.png,Real
LpyH2TZCWN_100px_1.png,Fake
LqdCgwX3P0_100px_1.png,Real
LqdCgwX3P0_100px_2.png,Real
LpyH2TZCWN_100px_2.png,Real
LriQ4REfkU_100px_1.png,Fake
lrmIxTou9D_100px_1.png,Fake
LriQ4REfkU_100px_2.png,Fake
lrmIxTou9D_100px_2.png,Fake
lrO4262kHg_100px_2.png,Fake
lrO4262kHg_100px_1.png,Real
LrQrBXlcWo_100px_2.png,Fake
LS8B2Z1WD9_100px_1.png,Real
LS8B2Z1WD9_100px_2.png,Fake
LrQrBXlcWo_100px_1.png,Real
LzrkUUSHbL_100px_1.png,Fake
lsafxbqfJs_100px_2.png,Fake
lsafxbqfJs_100px_1.png,Fake
M1Nr4xihsF_100px_2.png,Real
M3olFN5XXx_100px_1.png,Fake
LzrkUUSHbL_100px_2.png,Real
M1Nr4xihsF_100px_1.png,Real
M5fYxQrquP_100px_1.png,Real
M3olFN5XXx_100px_2.png,Fake
M7pjO4mYiq_100px_1.png,Real
M5fYxQrquP_100px_2.png,Real
m7pWdbaXUX_100px_1.png,Real
M7pjO4mYiq_100px_2.png,Fake
m7pWdbaXUX_100px_2.png,Real
M8j88Ey8Zv_100px_2.png,Fake
M8j88Ey8Zv_100px_1.png,Fake
M9A9vhI3wF_100px_1.png,Real
M9A9vhI3wF_100px_2.png,Real
m9EeTRWs2z_100px_2.png,Real
m9EeTRWs2z_100px_1.png,Real
maJeM9Z3Po_100px_1.png,Fake
maJeM9Z3Po_100px_2.png,Fake
MaoZFSujbq_100px_1.png,Fake
MaoZFSujbq_100px_2.png,Real
MAPUxRwaGY_100px_1.png,Fake
MAPUxRwaGY_100px_2.png,Fake
MaQzRyQ2c0_100px_1.png,Real
mas5apPrD8_100px_1.png,Real
MaQzRyQ2c0_100px_2.png,Fake
Mco0pNLRFg_100px_1.png,Fake
mas5apPrD8_100px_2.png,Fake
Mco0pNLRFg_100px_2.png,Fake
MCZFHDK4U6_100px_1.png,Fake
MCZFHDK4U6_100px_2.png,Fake
mDpxYWdh5D_100px_2.png,Real
MDWfEs9R82_100px_2.png,Fake
mDpxYWdh5D_100px_1.png,Fake
mfLkhwdDUn_100px_1.png,Real
MDWfEs9R82_100px_1.png,Fake
MGe9iOEdW2_100px_2.png,Real
mfLkhwdDUn_100px_2.png,Real
MGe9iOEdW2_100px_1.png,Real
mgN2v9uVy7_100px_1.png,Fake
Mi4CiSNOIB_100px_2.png,Fake
MIaSA1VUeG_100px_1.png,Real
MIaSA1VUeG_100px_2.png,Real
MiZTC1l0U5_100px_1.png,Real
mgN2v9uVy7_100px_2.png,Real
MiZTC1l0U5_100px_2.png,Fake
Mi4CiSNOIB_100px_1.png,Fake
mldxiq3QLQ_100px_1.png,Real
mkJiLH77kb_100px_1.png,Fake
mkJiLH77kb_100px_2.png,Real
mldxiq3QLQ_100px_2.png,Fake
MMVUI96Hdw_100px_1.png,Fake
MMVUI96Hdw_100px_2.png,Real
mo3KZm1hzN_100px_1.png,Real
mPY0cWEI1q_100px_1.png,Real
mPY0cWEI1q_100px_2.png,Fake
mo3KZm1hzN_100px_2.png,Real
MRN15Cevda_100px_1.png,Real
MRN15Cevda_100px_2.png,Fake
mrNDJzYsLl_100px_2.png,Fake
mrNDJzYsLl_100px_1.png,Real
mSCIlbDfyq_100px_2.png,Real
mV6wyc28ZH_100px_2.png,Real
mV6wyc28ZH_100px_1.png,Real
mSCIlbDfyq_100px_1.png,Fake
MvsVUiKhLe_100px_1.png,Real
Mw8c58VbiT_100px_2.png,Fake
MvsVUiKhLe_100px_2.png,Fake
mzaT6IWvxD_100px_1.png,Real
Mw8c58VbiT_100px_1.png,Real
mzaT6IWvxD_100px_2.png,Real
n1tqAwDgl1_100px_1.png,Fake
n1efgAGdKj_100px_2.png,Fake
n1efgAGdKj_100px_1.png,Real
n1tqAwDgl1_100px_2.png,Fake
N5Eg9EEet6_100px_1.png,Real
N2CPy6RtIH_100px_2.png,Fake
N2CPy6RtIH_100px_1.png,Fake
n90koLfpoM_100px_1.png,Real
n90koLfpoM_100px_2.png,Fake
N5Eg9EEet6_100px_2.png,Fake
NapzFefEv4_100px_1.png,Fake
NapzFefEv4_100px_2.png,Fake
Nc15v18wXn_100px_1.png,Fake
Nc15v18wXn_100px_2.png,Fake
NbIIraIJHV_100px_2.png,Fake
NbIIraIJHV_100px_1.png,Fake
nc2hGYYefG_100px_2.png,Fake
nc2hGYYefG_100px_1.png,Fake
NeoU83lvqj_100px_1.png,Fake
NeoU83lvqj_100px_2.png,Fake
nfX7RKnamW_100px_2.png,Real
nfX7RKnamW_100px_1.png,Real
NgQ1o94TCv_100px_1.png,Fake
NgQ1o94TCv_100px_2.png,Real
Nh8Nhyi8WJ_100px_2.png,Fake
Nh8Nhyi8WJ_100px_1.png,Fake
njU8jk1Jk1_100px_2.png,Fake
njU8jk1Jk1_100px_1.png,Fake
NjXj7Hd9C5_100px_1.png,Real
NjXj7Hd9C5_100px_2.png,Fake
Nl8vArA6Kp_100px_2.png,Fake
Nl8vArA6Kp_100px_1.png,Real
NlytX84loD_100px_2.png,Fake
nlZaGxSA8c_100px_1.png,Real
nMDkZM31Ai_100px_1.png,Fake
NlytX84loD_100px_1.png,Real
nlZaGxSA8c_100px_2.png,Fake
nMDkZM31Ai_100px_2.png,Fake
NNMU7c6I6s_100px_1.png,Fake
NOsCbM6Sf5_100px_2.png,Fake
NOsCbM6Sf5_100px_1.png,Fake
NNMU7c6I6s_100px_2.png,Real
nsrMl1fW0z_100px_1.png,Fake
Nsx2OEsaOP_100px_1.png,Fake
nsrMl1fW0z_100px_2.png,Fake
NtiObqKpY7_100px_1.png,Real
NtiObqKpY7_100px_2.png,Fake
Nsx2OEsaOP_100px_2.png,Real
NuAkBRGSYn_100px_1.png,Fake
nvanW7jf41_100px_1.png,Fake
NvXdCwnXMv_100px_1.png,Fake
NvXdCwnXMv_100px_2.png,Fake
nvanW7jf41_100px_2.png,Real
NuAkBRGSYn_100px_2.png,Fake
nwAEYXMHbw_100px_2.png,Fake
nwAEYXMHbw_100px_1.png,Fake
nxGGwyHXmI_100px_1.png,Fake
nxkGwLqKLx_100px_2.png,Fake
nxGGwyHXmI_100px_2.png,Real
nxkGwLqKLx_100px_1.png,Real
nzKKYaNYyP_100px_2.png,Fake
O0XVZFwlCj_100px_2.png,Real
nzKKYaNYyP_100px_1.png,Fake
O0XVZFwlCj_100px_1.png,Real
O1kFzEgi4t_100px_2.png,Real
O1kFzEgi4t_100px_1.png,Real
O45tof4TNm_100px_2.png,Fake
O45tof4TNm_100px_1.png,Fake
o5cgI72mIZ_100px_1.png,Fake
o5cgI72mIZ_100px_2.png,Fake
O6Fam15Csn_100px_1.png,Real
O8RLpXVZ15_100px_1.png,Fake
O6Fam15Csn_100px_2.png,Real
OAhoIau9Vs_100px_1.png,Real
O8RLpXVZ15_100px_2.png,Real
OChLfJI7Ci_100px_1.png,Real
OAhoIau9Vs_100px_2.png,Real
oDdjUo7450_100px_1.png,Real
oDdjUo7450_100px_2.png,Real
Oe7GicCsFm_100px_1.png,Fake
OChLfJI7Ci_100px_2.png,Real
Oe7GicCsFm_100px_2.png,Fake
OFi5NJ6Ilt_100px_1.png,Fake
Og3vNx9vlQ_100px_1.png,Real
Og3vNx9vlQ_100px_2.png,Fake
OFi5NJ6Ilt_100px_2.png,Fake
OHBaHLhdpZ_100px_1.png,Real
OHBaHLhdpZ_100px_2.png,Real
OHavRIvGev_100px_1.png,Fake
OHavRIvGev_100px_2.png,Real
oIpmZhcoRW_100px_1.png,Real
OkQPf2asud_100px_2.png,Fake
oIpmZhcoRW_100px_2.png,Fake
OkQPf2asud_100px_1.png,Real
OKwx1JPEKr_100px_1.png,Real
OKwx1JPEKr_100px_2.png,Real
ol7RRQKugP_100px_1.png,Real
ol7RRQKugP_100px_2.png,Real
OPdqgsrd85_100px_1.png,Real
ONpTgqfYWk_100px_2.png,Real
OPdqgsrd85_100px_2.png,Fake
OpZCaV8QPM_100px_1.png,Real
ONpTgqfYWk_100px_1.png,Fake
ORbnyx4xMl_100px_2.png,Real
ORbnyx4xMl_100px_1.png,Real
OpZCaV8QPM_100px_2.png,Real
oRrx4BnJxD_100px_1.png,Fake
oRrx4BnJxD_100px_2.png,Fake
OSBHkMWyBf_100px_1.png,Real
OSBHkMWyBf_100px_2.png,Fake
oSLtGkfGrB_100px_1.png,Fake
OurcsmGUrg_100px_1.png,Real
OurcsmGUrg_100px_2.png,Real
OVm8jzgyD6_100px_1.png,Fake
oSLtGkfGrB_100px_2.png,Real
OXHRf8YcUR_100px_1.png,Real
OXHRf8YcUR_100px_2.png,Fake
OVm8jzgyD6_100px_2.png,Real
P1f49Q6F8O_100px_1.png,Real
P1f49Q6F8O_100px_2.png,Real
P4M6neUIac_100px_2.png,Fake
P77CK9wdB9_100px_2.png,Real
P4M6neUIac_100px_1.png,Fake
PA4WOOF5TS_100px_1.png,Fake
P77CK9wdB9_100px_1.png,Real
PA4WOOF5TS_100px_2.png,Real
pCOpE16hN3_100px_1.png,Fake
PD58KM9oRm_100px_1.png,Real
pCOpE16hN3_100px_2.png,Fake
PD58KM9oRm_100px_2.png,Real
peD2mDsv0K_100px_1.png,Fake
pg6ouvY05y_100px_1.png,Fake
peD2mDsv0K_100px_2.png,Real
pg6ouvY05y_100px_2.png,Real
PGEIzaaMzP_100px_2.png,Fake
Pgz4XCYMlX_100px_2.png,Real
PGEIzaaMzP_100px_1.png,Real
PinVWmPoYT_100px_1.png,Real
Pgz4XCYMlX_100px_1.png,Fake
PjikcBfqwB_100px_1.png,Real
PJR1i5iiF5_100px_1.png,Fake
PinVWmPoYT_100px_2.png,Real
PJR1i5iiF5_100px_2.png,Fake
PjikcBfqwB_100px_2.png,Fake
PjuH8bWRKE_100px_2.png,Real
PjuH8bWRKE_100px_1.png,Fake
Pkke5583Cg_100px_2.png,Real
pM3XmybtIo_100px_2.png,Real
Pkke5583Cg_100px_1.png,Real
PMvimSiN9J_100px_1.png,Fake
pM3XmybtIo_100px_1.png,Fake
PMvimSiN9J_100px_2.png,Real
PmzSDNpquG_100px_1.png,Fake
PmzSDNpquG_100px_2.png,Real
pnBdczwFNb_100px_1.png,Fake
pnBdczwFNb_100px_2.png,Fake
pnkxXv5Mfk_100px_1.png,Fake
PnLxfYR5RI_100px_2.png,Real
pnkxXv5Mfk_100px_2.png,Real
PnLxfYR5RI_100px_1.png,Fake
POfOuIwyHC_100px_1.png,Fake
POfOuIwyHC_100px_2.png,Real
pPgk9Jzhty_100px_1.png,Fake
ppib84nMPR_100px_1.png,Real
pPgk9Jzhty_100px_2.png,Real
ppib84nMPR_100px_2.png,Fake
Pq66T0rh2B_100px_1.png,Real
Pq66T0rh2B_100px_2.png,Fake
PR8szUd4p6_100px_1.png,Fake
PR8szUd4p6_100px_2.png,Fake
prqUIyTZiF_100px_2.png,Fake
pssIeBcRkX_100px_2.png,Fake
pWEztNgsX2_100px_1.png,Fake
pssIeBcRkX_100px_1.png,Real
prqUIyTZiF_100px_1.png,Real
px4XPbB9qg_100px_1.png,Real
pXg975ZDO9_100px_1.png,Real
px4XPbB9qg_100px_2.png,Fake
pWEztNgsX2_100px_2.png,Fake
pXg975ZDO9_100px_2.png,Fake
PXTWJPXJ2v_100px_1.png,Real
PzDgLXwGxF_100px_1.png,Fake
PzDgLXwGxF_100px_2.png,Fake
PXTWJPXJ2v_100px_2.png,Fake
q3RhQw6O32_100px_1.png,Real
q96PNSVpI8_100px_1.png,Fake
qAFr7Gw9Tr_100px_1.png,Real
qAFr7Gw9Tr_100px_2.png,Fake
q3RhQw6O32_100px_2.png,Fake
QAR8EKUVaS_100px_1.png,Fake
q96PNSVpI8_100px_2.png,Fake
QAR8EKUVaS_100px_2.png,Real
qBiy19kPLW_100px_1.png,Real
qBiy19kPLW_100px_2.png,Real
qEXlb0oc8u_100px_2.png,Fake
qFPTFHO2Dt_100px_1.png,Fake
qFPTFHO2Dt_100px_2.png,Fake
qG9TLueIDX_100px_1.png,Real
qGBZsdB6sp_100px_1.png,Fake
qEXlb0oc8u_100px_1.png,Real
qh7vk6ZDHZ_100px_1.png,Fake
qG9TLueIDX_100px_2.png,Real
qGBZsdB6sp_100px_2.png,Real
QHw714EbIk_100px_1.png,Real
QIpQGLylfa_100px_1.png,Real
QIpQGLylfa_100px_2.png,Fake
qh7vk6ZDHZ_100px_2.png,Real
QHw714EbIk_100px_2.png,Real
qJ7N357u0Q_100px_2.png,Real
qj9HaF6Vb2_100px_1.png,Fake
qJ7N357u0Q_100px_1.png,Fake
qJsxs3eIpr_100px_2.png,Real
qj9HaF6Vb2_100px_2.png,Real
qjXTfUIXzJ_100px_1.png,Real
qjXTfUIXzJ_100px_2.png,Real
qKibNqy8lQ_100px_1.png,Fake
qJsxs3eIpr_100px_1.png,Real
qkRZwznxcY_100px_1.png,Fake
qlAvSuqA9i_100px_1.png,Real
qkRZwznxcY_100px_2.png,Fake
qKibNqy8lQ_100px_2.png,Fake
qlAvSuqA9i_100px_2.png,Fake
qmiBBPLFr8_100px_2.png,Fake
qmSwS9gQGv_100px_2.png,Fake
qmiBBPLFr8_100px_1.png,Fake
qmxcSQCPjB_100px_1.png,Fake
qmSwS9gQGv_100px_1.png,Fake
qmxcSQCPjB_100px_2.png,Real
Qo8O15Fxi8_100px_1.png,Real
qNCaBaomyJ_100px_1.png,Real
qNCaBaomyJ_100px_2.png,Real
QOXhkjFrbd_100px_2.png,Fake
Qo8O15Fxi8_100px_2.png,Real
QOXhkjFrbd_100px_1.png,Fake
qr7hZqe2Ox_100px_1.png,Fake
qqXd2M4oD6_100px_2.png,Fake
qqXd2M4oD6_100px_1.png,Real
QRmj9IploR_100px_1.png,Real
QRmj9IploR_100px_2.png,Fake
qr7hZqe2Ox_100px_2.png,Real
qSn3NIdMK4_100px_2.png,Real
qSn3NIdMK4_100px_1.png,Real
QuYSeR6iQl_100px_1.png,Fake
QuYSeR6iQl_100px_2.png,Fake
qWdlertXKg_100px_1.png,Real
QWWnhzqolK_100px_1.png,Fake
qXjLoDx7Ok_100px_1.png,Real
qXjLoDx7Ok_100px_2.png,Fake
qWdlertXKg_100px_2.png,Fake
QWWnhzqolK_100px_2.png,Fake
qXO2Pop92i_100px_2.png,Fake
QzfDqI7GnK_100px_2.png,Fake
r47PYgUEsu_100px_1.png,Real
qXO2Pop92i_100px_1.png,Fake
R4BeA04tl1_100px_1.png,Fake
QzfDqI7GnK_100px_1.png,Fake
r47PYgUEsu_100px_2.png,Real
R4BeA04tl1_100px_2.png,Fake
R6Upy7U23b_100px_2.png,Fake
R6Upy7U23b_100px_1.png,Real
r8IAbAHsiq_100px_1.png,Real
r8bSMkC4i9_100px_1.png,Real
r8bSMkC4i9_100px_2.png,Real
r8UOH0tF0O_100px_1.png,Fake
rCbHM5xzVf_100px_1.png,Real
r8UOH0tF0O_100px_2.png,Real
r8IAbAHsiq_100px_2.png,Real
rCbHM5xzVf_100px_2.png,Fake
REcX2YXdmx_100px_2.png,Fake
rEUIDd6liL_100px_1.png,Real
rFbb2QOZlD_100px_1.png,Fake
REcX2YXdmx_100px_1.png,Real
rEUIDd6liL_100px_2.png,Fake
rfeHvXPEmd_100px_1.png,Fake
rfumwsfjZw_100px_1.png,Fake
rfumwsfjZw_100px_2.png,Fake
rFbb2QOZlD_100px_2.png,Fake
rfeHvXPEmd_100px_2.png,Fake
RgCFIqj5Yz_100px_2.png,Real
rGX8LURq8w_100px_2.png,Real
ri4zU53Et9_100px_1.png,Real
rGX8LURq8w_100px_1.png,Real
ri4zU53Et9_100px_2.png,Real
RJwwuzXYMW_100px_1.png,Real
RgCFIqj5Yz_100px_1.png,Real
Rk3NZgbdtC_100px_1.png,Fake
rlaQyfEBjl_100px_1.png,Fake
rlaQyfEBjl_100px_2.png,Fake
RndxeenWj5_100px_1.png,Fake
RJwwuzXYMW_100px_2.png,Real
Rk3NZgbdtC_100px_2.png,Real
RndxeenWj5_100px_2.png,Real
RNHqM1Mlfk_100px_1.png,Fake
RNHqM1Mlfk_100px_2.png,Real
ROYys60Ctu_100px_2.png,Real
Rpf4xXg1LO_100px_2.png,Real
ROYys60Ctu_100px_1.png,Fake
Rpf4xXg1LO_100px_1.png,Real
RpfJcsuN7K_100px_2.png,Real
RtxSBGkpoq_100px_1.png,Real
RpfJcsuN7K_100px_1.png,Real
rURc0ZdKPU_100px_1.png,Real
RtxSBGkpoq_100px_2.png,Fake
rvoedQxiJG_100px_1.png,Fake
rvoedQxiJG_100px_2.png,Real
rxZyKsXYnl_100px_2.png,Fake
rxZyKsXYnl_100px_1.png,Fake
rzF2K5oRTw_100px_2.png,Fake
rzF2K5oRTw_100px_1.png,Fake
rURc0ZdKPU_100px_2.png,Real
S0JNb3Hhfo_100px_1.png,Fake
S4DLH8EMef_100px_2.png,Fake
S7o7OL9PWw_100px_1.png,Fake
S4DLH8EMef_100px_1.png,Real
S0JNb3Hhfo_100px_2.png,Real
S7pRQWGuNA_100px_1.png,Fake
S7o7OL9PWw_100px_2.png,Fake
S7pRQWGuNA_100px_2.png,Fake
S8f18Zon1K_100px_2.png,Real
S8f18Zon1K_100px_1.png,Real
saFBbByuxS_100px_2.png,Real
saFBbByuxS_100px_1.png,Fake
sCchbWeOO4_100px_1.png,Real
sCchbWeOO4_100px_2.png,Fake
SDUwjiRMKC_100px_2.png,Fake
sF6liBBbQy_100px_1.png,Fake
sfJlxOY3Sb_100px_1.png,Fake
SDUwjiRMKC_100px_1.png,Real
sfJlxOY3Sb_100px_2.png,Fake
SgCaqZ8fox_100px_1.png,Fake
sF6liBBbQy_100px_2.png,Real
SGoXZH6MFm_100px_1.png,Real
Shdr57yGNh_100px_1.png,Real
SgCaqZ8fox_100px_2.png,Real
Shdr57yGNh_100px_2.png,Fake
SGoXZH6MFm_100px_2.png,Real
SK1kuYMtes_100px_1.png,Fake
Shk7mCdff3_100px_1.png,Real
Shk7mCdff3_100px_2.png,Fake
SK1kuYMtes_100px_2.png,Real
sK3vtOygP4_100px_1.png,Fake
sK3vtOygP4_100px_2.png,Fake
SKfhsJp1B2_100px_2.png,Real
snlesUBOh0_100px_1.png,Real
SKfhsJp1B2_100px_1.png,Real
sNwOoh84in_100px_1.png,Real
SnwwyMZ6pj_100px_1.png,Fake
snlesUBOh0_100px_2.png,Real
SnwwyMZ6pj_100px_2.png,Fake
SNXaA0XDuv_100px_2.png,Real
spCHchDz37_100px_1.png,Real
sNwOoh84in_100px_2.png,Real
SpLIiKfHUU_100px_1.png,Real
SNXaA0XDuv_100px_1.png,Fake
spCHchDz37_100px_2.png,Fake
sqd6m1guou_100px_2.png,Fake
SpLIiKfHUU_100px_2.png,Real
sqd6m1guou_100px_1.png,Real
sSPqYa9TIF_100px_1.png,Real
SQVhLVocUR_100px_2.png,Fake
SQVhLVocUR_100px_1.png,Real
sSPqYa9TIF_100px_2.png,Fake
StANhAVMC9_100px_1.png,Real
StbidjBynm_100px_1.png,Real
StANhAVMC9_100px_2.png,Real
sTRUqTyHSq_100px_1.png,Fake
StbidjBynm_100px_2.png,Fake
sUDp3VphEQ_100px_1.png,Real
suGAjqXHGr_100px_1.png,Fake
sUDp3VphEQ_100px_2.png,Real
suGAjqXHGr_100px_2.png,Fake
SUkVwRibhs_100px_2.png,Real
SUkVwRibhs_100px_1.png,Real
sTRUqTyHSq_100px_2.png,Fake
suupT96oVT_100px_1.png,Fake
suupT96oVT_100px_2.png,Fake
sv46n7J233_100px_1.png,Real
sv46n7J233_100px_2.png,Real
SXnPBtw05t_100px_1.png,Fake
sVn3WUK2Zs_100px_1.png,Fake
SXnPBtw05t_100px_2.png,Real
sVn3WUK2Zs_100px_2.png,Fake
t18pM1I83p_100px_1.png,Real
t18pM1I83p_100px_2.png,Fake
T0xcBUxmrk_100px_2.png,Fake
T2a0vPrNUn_100px_1.png,Fake
T0xcBUxmrk_100px_1.png,Real
T2rzdSu4l8_100px_1.png,Fake
T2rzdSu4l8_100px_2.png,Real
T2a0vPrNUn_100px_2.png,Fake
T4Oua7Ks4z_100px_1.png,Fake
t2yQK7gt7t_100px_2.png,Fake
t2yQK7gt7t_100px_1.png,Fake
t4UyUE8Yok_100px_1.png,Fake
t4UyUE8Yok_100px_2.png,Real
t8tLNTvx4B_100px_1.png,Fake
T4Oua7Ks4z_100px_2.png,Real
TaqSkhjCzu_100px_1.png,Fake
t8tLNTvx4B_100px_2.png,Fake
TDf6Lr8kFI_100px_1.png,Fake
TDf6Lr8kFI_100px_2.png,Real
tDigtmUAx5_100px_1.png,Fake
TaqSkhjCzu_100px_2.png,Fake
te4JLzPTeT_100px_1.png,Real
te4JLzPTeT_100px_2.png,Fake
tee9DUqyrw_100px_1.png,Real
tDigtmUAx5_100px_2.png,Fake
tEIZKxJ4ex_100px_1.png,Fake
tEIZKxJ4ex_100px_2.png,Fake
tee9DUqyrw_100px_2.png,Real
TEYhGLgJrL_100px_1.png,Fake
TEYhGLgJrL_100px_2.png,Fake
TIKoKUaFse_100px_1.png,Fake
tJVItxTzIT_100px_2.png,Real
TIKoKUaFse_100px_2.png,Fake
tllImFoQhk_100px_1.png,Fake
tJVItxTzIT_100px_1.png,Fake
Tm6ujqhvYY_100px_1.png,Real
Tm6ujqhvYY_100px_2.png,Fake
tN9IELrpUK_100px_1.png,Real
tllImFoQhk_100px_2.png,Real
TnfmQUrsb5_100px_2.png,Fake
tN9IELrpUK_100px_2.png,Real
TnoOuTztBA_100px_1.png,Real
TnfmQUrsb5_100px_1.png,Fake
tnXhpD5bHU_100px_1.png,Fake
TnoOuTztBA_100px_2.png,Real
tnXhpD5bHU_100px_2.png,Real
TrDl6EjrnB_100px_1.png,Fake
TrGJNfVO10_100px_1.png,Fake
tS3EFPxBzK_100px_1.png,Fake
TrDl6EjrnB_100px_2.png,Fake
TrGJNfVO10_100px_2.png,Real
TTWagay6TP_100px_2.png,Real
TuFVuVVBDR_100px_1.png,Fake
tS3EFPxBzK_100px_2.png,Fake
TTWagay6TP_100px_1.png,Real
Tuh7S10vW0_100px_2.png,Fake
TXAJCDtPLq_100px_1.png,Fake
TuFVuVVBDR_100px_2.png,Fake
TXAJCDtPLq_100px_2.png,Real
Tuh7S10vW0_100px_1.png,Fake
u05fULjPgC_100px_1.png,Fake
u05fULjPgC_100px_2.png,Fake
U2HLiWaQIZ_100px_1.png,Real
U0Wn6GGTDb_100px_1.png,Fake
U0Wn6GGTDb_100px_2.png,Real
u369dhOfMx_100px_2.png,Real
U2HLiWaQIZ_100px_2.png,Fake
u369dhOfMx_100px_1.png,Real
u4oVcutuFH_100px_1.png,Fake
u3Rscl12uA_100px_1.png,Real
u3Rscl12uA_100px_2.png,Fake
u4oVcutuFH_100px_2.png,Real
u4PQX5ZM2P_100px_1.png,Real
u4PQX5ZM2P_100px_2.png,Real
u74sM5G5DM_100px_2.png,Real
u74sM5G5DM_100px_1.png,Real
U7SrM2Wn6W_100px_1.png,Fake
U84bmv3ZTC_100px_1.png,Fake
U7SrM2Wn6W_100px_2.png,Fake
u95MO8QjKc_100px_1.png,Real
u95MO8QjKc_100px_2.png,Fake
U9VRGhZCCe_100px_1.png,Fake
U9VRGhZCCe_100px_2.png,Fake
U84bmv3ZTC_100px_2.png,Fake
UaAO0EyviA_100px_1.png,Real
uC1gAmJhzf_100px_1.png,Real
uC1gAmJhzf_100px_2.png,Real
UaAO0EyviA_100px_2.png,Fake
UcEWweJeAP_100px_1.png,Fake
uCH3unipsR_100px_1.png,Fake
uCH3unipsR_100px_2.png,Real
UcEWweJeAP_100px_2.png,Fake
ucIwYTcHuD_100px_1.png,Fake
ucIwYTcHuD_100px_2.png,Fake
ucKJMwhErk_100px_1.png,Real
UctNk1ZEWS_100px_1.png,Real
ucKJMwhErk_100px_2.png,Real
UcyMVl8rnx_100px_2.png,Fake
UctNk1ZEWS_100px_2.png,Real
udqBS8P0CT_100px_1.png,Fake
UcyMVl8rnx_100px_1.png,Real
uE3MdcZRw6_100px_1.png,Fake
UENixrh7IH_100px_1.png,Fake
UENixrh7IH_100px_2.png,Real
uFaNH25XyD_100px_1.png,Fake
udqBS8P0CT_100px_2.png,Fake
uFaNH25XyD_100px_2.png,Real
ugK7a72sME_100px_2.png,Real
ugK7a72sME_100px_1.png,Real
uE3MdcZRw6_100px_2.png,Real
UhidK65gkZ_100px_1.png,Real
uHniopdfH2_100px_2.png,Fake
uHniopdfH2_100px_1.png,Real
uHrkjMBSa2_100px_1.png,Real
uIY9LSKkmk_100px_1.png,Real
UhidK65gkZ_100px_2.png,Fake
uJ2UHdme2Y_100px_1.png,Fake
uHrkjMBSa2_100px_2.png,Real
uJ2UHdme2Y_100px_2.png,Real
ULPKAcbAo3_100px_1.png,Real
uop98aiJrF_100px_1.png,Real
uIY9LSKkmk_100px_2.png,Fake
ULPKAcbAo3_100px_2.png,Fake
UpEQerhJ83_100px_2.png,Real
uop98aiJrF_100px_2.png,Real
upk3FsKrAE_100px_1.png,Real
upk3FsKrAE_100px_2.png,Real
UpEQerhJ83_100px_1.png,Fake
usg3Ke9phR_100px_1.png,Real
urluxdrzt8_100px_1.png,Fake
urluxdrzt8_100px_2.png,Real
usg3Ke9phR_100px_2.png,Fake
UTmoNr6wJX_100px_2.png,Real
UTmoNr6wJX_100px_1.png,Real
uU6lG5e6gF_100px_1.png,Fake
uU6lG5e6gF_100px_2.png,Real
UunPuPP5oq_100px_1.png,Fake
UunPuPP5oq_100px_2.png,Real
UW6Q4yEOQU_100px_1.png,Real
uvvdkAjFXq_100px_1.png,Fake
uvvdkAjFXq_100px_2.png,Real
UW6Q4yEOQU_100px_2.png,Real
uWbjey2uQz_100px_1.png,Fake
uWbjey2uQz_100px_2.png,Real
uXeaB5xLOo_100px_2.png,Fake
uxKJwVtA8M_100px_2.png,Real
uXeaB5xLOo_100px_1.png,Fake
uxKJwVtA8M_100px_1.png,Real
uYlU6yztHL_100px_2.png,Real
uYlU6yztHL_100px_1.png,Fake
v1bs1vDj3u_100px_1.png,Fake
v1bs1vDj3u_100px_2.png,Fake
V4CAhtpY69_100px_2.png,Real
v4yOb9lws2_100px_1.png,Real
v4yOb9lws2_100px_2.png,Real
V4CAhtpY69_100px_1.png,Fake
vACnDHqxdc_100px_1.png,Real
V55PQoogV1_100px_1.png,Real
vACnDHqxdc_100px_2.png,Real
V55PQoogV1_100px_2.png,Real
VEmb4vidUe_100px_1.png,Fake
VI4kjR7oMj_100px_2.png,Fake
VI4kjR7oMj_100px_1.png,Real
VEmb4vidUe_100px_2.png,Real
virsk8qsHB_100px_1.png,Fake
virsk8qsHB_100px_2.png,Fake
vJrrIHLNda_100px_1.png,Fake
vJso6KLI6L_100px_1.png,Fake
VK4XrInPCf_100px_1.png,Fake
VK4XrInPCf_100px_2.png,Fake
vJso6KLI6L_100px_2.png,Real
vJrrIHLNda_100px_2.png,Fake
vkU0s7x88L_100px_1.png,Real
VKUhH2yFUn_100px_2.png,Real
vkU0s7x88L_100px_2.png,Fake
VKUhH2yFUn_100px_1.png,Fake
vlItwd3Egt_100px_1.png,Real
VoGycAYeop_100px_2.png,Fake
vlItwd3Egt_100px_2.png,Real
VPfusN1Gxl_100px_1.png,Fake
VoGycAYeop_100px_1.png,Real
VPlWsorGVj_100px_1.png,Real
VPfusN1Gxl_100px_2.png,Real
vsXIiLJ0iT_100px_2.png,Real
VumYT5Ehnb_100px_1.png,Real
vsXIiLJ0iT_100px_1.png,Fake
VumYT5Ehnb_100px_2.png,Real
VPlWsorGVj_100px_2.png,Real
vUr2t9rJLM_100px_1.png,Fake
vUr2t9rJLM_100px_2.png,Fake
vuuLSoPkix_100px_1.png,Real
vV2byDmkbj_100px_2.png,Fake
vV2byDmkbj_100px_1.png,Fake
Vw5GaGkcka_100px_1.png,Fake
Vw5GaGkcka_100px_2.png,Fake
vuuLSoPkix_100px_2.png,Real
vwUZOgtdzE_100px_2.png,Real
VY0pSnW0vJ_100px_1.png,Fake
VY0pSnW0vJ_100px_2.png,Real
vzMBxEW23y_100px_2.png,Fake
vwUZOgtdzE_100px_1.png,Fake
W6LBQujrdM_100px_2.png,Fake
vzMBxEW23y_100px_1.png,Fake
W6LBQujrdM_100px_1.png,Fake
W7tYhBXNx7_100px_1.png,Fake
W8eD4XMeGW_100px_2.png,Fake
W7tYhBXNx7_100px_2.png,Real
w91vFX1DxC_100px_1.png,Fake
W8eD4XMeGW_100px_1.png,Real
w91vFX1DxC_100px_2.png,Real
WaKuAdWexn_100px_1.png,Real
WaKuAdWexn_100px_2.png,Fake
wb8mrGM0Bb_100px_1.png,Fake
wb8mrGM0Bb_100px_2.png,Real
wCsaZ5powP_100px_1.png,Fake
wbU5ZtYkNt_100px_1.png,Fake
wbU5ZtYkNt_100px_2.png,Fake
wCsaZ5powP_100px_2.png,Real
WDy0IQV7OP_100px_1.png,Real
WDbOF6L0nl_100px_2.png,Fake
WDy0IQV7OP_100px_2.png,Real
weezvVCIfk_100px_2.png,Real
WDbOF6L0nl_100px_1.png,Real
wf6GTsRqHM_100px_2.png,Fake
weezvVCIfk_100px_1.png,Real
wf6GTsRqHM_100px_1.png,Fake
WHaxpsP46D_100px_1.png,Real
wGrSosd7tY_100px_1.png,Real
wGrSosd7tY_100px_2.png,Real
Wj42jvsZEn_100px_1.png,Fake
WjkK5w2RwQ_100px_1.png,Fake
Wj42jvsZEn_100px_2.png,Fake
WHaxpsP46D_100px_2.png,Fake
WjmT0xnIn7_100px_1.png,Real
WjkK5w2RwQ_100px_2.png,Fake
WjmT0xnIn7_100px_2.png,Real
WKcmR0FfLj_100px_1.png,Fake
WKcmR0FfLj_100px_2.png,Fake
wM9LV3kLrA_100px_1.png,Fake
wM9LV3kLrA_100px_2.png,Fake
WmhWoQtqZe_100px_1.png,Fake
wKxDONO3XE_100px_1.png,Fake
wKxDONO3XE_100px_2.png,Fake
wMRd14R6Zk_100px_2.png,Real
WmhWoQtqZe_100px_2.png,Real
wMRd14R6Zk_100px_1.png,Real
WNKdSWxaGf_100px_2.png,Real
WokEtqbp63_100px_1.png,Fake
WokEtqbp63_100px_2.png,Fake
WNKdSWxaGf_100px_1.png,Real
Wp0fcWoe4P_100px_1.png,Fake
Wp0fcWoe4P_100px_2.png,Real
wsVzJGhpVw_100px_1.png,Fake
wTIZB4g5gV_100px_1.png,Real
wTIZB4g5gV_100px_2.png,Fake
wsVzJGhpVw_100px_2.png,Fake
WtpVnzNVg1_100px_2.png,Real
wxgufG4nAO_100px_2.png,Real
wxgufG4nAO_100px_1.png,Real
wz50uteI2U_100px_1.png,Fake
wz50uteI2U_100px_2.png,Real
WtpVnzNVg1_100px_1.png,Real
wZhKtSRPOH_100px_1.png,Fake
wZvZHuLtyE_100px_1.png,Real
wzwYXWp0uM_100px_1.png,Real
wZvZHuLtyE_100px_2.png,Real
wZhKtSRPOH_100px_2.png,Fake
wzwYXWp0uM_100px_2.png,Real
x2Gh3weDkh_100px_1.png,Fake
x4TXrbIAL2_100px_1.png,Fake
x2Gh3weDkh_100px_2.png,Real
x62UgOiMFV_100px_1.png,Real
x4TXrbIAL2_100px_2.png,Fake
x6lLtY8xUU_100px_1.png,Fake
x6lLtY8xUU_100px_2.png,Real
X8DdoFa6wi_100px_1.png,Fake
X8DdoFa6wi_100px_2.png,Real
X97XJJJDMP_100px_1.png,Fake
X97XJJJDMP_100px_2.png,Fake
X9qOLYDbhG_100px_1.png,Fake
x62UgOiMFV_100px_2.png,Fake
X9qOLYDbhG_100px_2.png,Real
xA0zylB9ZQ_100px_1.png,Fake
xA0zylB9ZQ_100px_2.png,Real
XBnVjkQwVC_100px_1.png,Real
XBQUx86tyB_100px_1.png,Real
XBQUx86tyB_100px_2.png,Fake
XCiT7T5SjR_100px_1.png,Fake
xCrYtA9nFJ_100px_1.png,Fake
XBnVjkQwVC_100px_2.png,Fake
xCrYtA9nFJ_100px_2.png,Fake
XCiT7T5SjR_100px_2.png,Real
xCVZVwLKT1_100px_1.png,Fake
XdEpIOshTe_100px_2.png,Real
XdEpIOshTe_100px_1.png,Fake
xCVZVwLKT1_100px_2.png,Real
XfOGPK28GM_100px_2.png,Fake
xirSSRBKae_100px_1.png,Real
XfOGPK28GM_100px_1.png,Fake
xk06z4FuWg_100px_1.png,Real
xirSSRBKae_100px_2.png,Real
xk06z4FuWg_100px_2.png,Real
Xki0ZZOKLh_100px_2.png,Real
XlThO9Ynbm_100px_2.png,Fake
Xki0ZZOKLh_100px_1.png,Real
xnPKBjsrsF_100px_1.png,Fake
xNPZ2UAcaw_100px_1.png,Fake
XlThO9Ynbm_100px_1.png,Fake
xoaxdrv0aV_100px_1.png,Fake
xNPZ2UAcaw_100px_2.png,Fake
xnPKBjsrsF_100px_2.png,Fake
xoaxdrv0aV_100px_2.png,Real
XpusOmDQ4r_100px_1.png,Real
xp57r9JlPr_100px_2.png,Fake
xp57r9JlPr_100px_1.png,Real
XpusOmDQ4r_100px_2.png,Real
xQkW21rWWU_100px_1.png,Fake
xQkW21rWWU_100px_2.png,Real
xqWUYQQvDF_100px_2.png,Fake
XS3HFC39SD_100px_1.png,Real
XS3HFC39SD_100px_2.png,Fake
XTP8igopZU_100px_1.png,Real
xqWUYQQvDF_100px_1.png,Fake
XTP8igopZU_100px_2.png,Real
XtvBtMlsAT_100px_1.png,Fake
XtvBtMlsAT_100px_2.png,Fake
XtY1QRskYf_100px_1.png,Real
XtY1QRskYf_100px_2.png,Fake
Xup9RALMSe_100px_1.png,Real
xuuySqGgcz_100px_2.png,Real
xxKQyx1PUI_100px_1.png,Fake
xuuySqGgcz_100px_1.png,Real
Xup9RALMSe_100px_2.png,Real
Xy8iJN5leh_100px_1.png,Fake
xxKQyx1PUI_100px_2.png,Real
xyUorFS7tl_100px_1.png,Fake
xyUorFS7tl_100px_2.png,Real
Xy8iJN5leh_100px_2.png,Real
XZLURIM7JI_100px_2.png,Real
Y3XNiTTW93_100px_2.png,Fake
Y4qu1gxBl6_100px_1.png,Fake
Y3XNiTTW93_100px_1.png,Fake
XZLURIM7JI_100px_1.png,Fake
Y4qu1gxBl6_100px_2.png,Real
y91jdXs0tV_100px_1.png,Fake
y91jdXs0tV_100px_2.png,Fake
Y8KfMnVF8X_100px_1.png,Real
Y8KfMnVF8X_100px_2.png,Fake
YaI31XVnEO_100px_1.png,Real
YaI31XVnEO_100px_2.png,Fake
Y9hKidTrmc_100px_2.png,Fake
Y9hKidTrmc_100px_1.png,Fake
ybou6lb5co_100px_1.png,Real
ybou6lb5co_100px_2.png,Real
YcM2l2Oa7Z_100px_2.png,Fake
yCvbnTiDWS_100px_2.png,Fake
yCvbnTiDWS_100px_1.png,Real
yCwpAX8nDE_100px_1.png,Fake
yCwpAX8nDE_100px_2.png,Real
yD7GyQRvog_100px_1.png,Real
YcM2l2Oa7Z_100px_1.png,Real
yDErt8utCF_100px_1.png,Real
yD7GyQRvog_100px_2.png,Real
yDErt8utCF_100px_2.png,Real
YdqRmN9Lek_100px_1.png,Real
yeiObSiNkO_100px_1.png,Real
YdqRmN9Lek_100px_2.png,Real
yeiObSiNkO_100px_2.png,Real
YeO21gEQxQ_100px_1.png,Real
YeQY5sphlf_100px_1.png,Real
YeQY5sphlf_100px_2.png,Real
YeO21gEQxQ_100px_2.png,Fake
yGay2OpL78_100px_2.png,Real
yGay2OpL78_100px_1.png,Real
YgmbrbbLaa_100px_1.png,Fake
YiLOx3SPHh_100px_1.png,Real
YIUMBPausQ_100px_1.png,Real
YiLOx3SPHh_100px_2.png,Fake
YgmbrbbLaa_100px_2.png,Real
Yj91iSCrTY_100px_2.png,Fake
Yj91iSCrTY_100px_1.png,Real
yjGVDtVvjb_100px_2.png,Real
YIUMBPausQ_100px_2.png,Real
yK8vjGDYsx_100px_1.png,Fake
yK8vjGDYsx_100px_2.png,Fake
yjGVDtVvjb_100px_1.png,Fake
YL4ooq03Cr_100px_2.png,Real
YLTK5G3Bsr_100px_2.png,Real
yMFFnPXHCw_100px_1.png,Real
YL4ooq03Cr_100px_1.png,Real
YmPcfMZ4U9_100px_1.png,Real
YLTK5G3Bsr_100px_1.png,Real
yMFFnPXHCw_100px_2.png,Real
yNn6YFmtyn_100px_2.png,Real
yPtZUNUfnz_100px_1.png,Fake
yPtZUNUfnz_100px_2.png,Real
yPZqeVqgT4_100px_1.png,Fake
yNn6YFmtyn_100px_1.png,Real
YmPcfMZ4U9_100px_2.png,Real
yPZqeVqgT4_100px_2.png,Fake
yQSS5YqA87_100px_1.png,Real
yRe2773ayA_100px_1.png,Real
yRe2773ayA_100px_2.png,Fake
YRtYbVISIP_100px_1.png,Real
yQSS5YqA87_100px_2.png,Real
YRtYbVISIP_100px_2.png,Fake
yuc41y1l3T_100px_2.png,Fake
yvm0VEdLLH_100px_2.png,Real
yvm0VEdLLH_100px_1.png,Fake
yXFnTWhYNS_100px_1.png,Real
yuc41y1l3T_100px_1.png,Fake
yXFnTWhYNS_100px_2.png,Fake
Z1Jk0IlFFi_100px_1.png,Real
Z1Jk0IlFFi_100px_2.png,Fake
z28eujb1ae_100px_1.png,Real
yxylFmIytM_100px_2.png,Fake
yxylFmIytM_100px_1.png,Real
z2RQAhTWE7_100px_1.png,Fake
z56qThAMgK_100px_1.png,Fake
z28eujb1ae_100px_2.png,Real
z56qThAMgK_100px_2.png,Fake
Z6Mt7efn5L_100px_1.png,Real
Z6Mt7efn5L_100px_2.png,Fake
z2RQAhTWE7_100px_2.png,Real
ZA6mptL5hj_100px_1.png,Real
ZAMyGaEroR_100px_1.png,Fake
ZA6mptL5hj_100px_2.png,Fake
zAW9QtgEY2_100px_1.png,Fake
zAW9QtgEY2_100px_2.png,Fake
zDY2wpbBQn_100px_1.png,Fake
zDY2wpbBQn_100px_2.png,Real
zhx2O0vpn2_100px_1.png,Fake
ZAMyGaEroR_100px_2.png,Fake
zhYTfynERO_100px_2.png,Fake
zhYTfynERO_100px_1.png,Real
ZHyv5uGTVA_100px_1.png,Real
ZHyv5uGTVA_100px_2.png,Fake
zI280jdJWk_100px_1.png,Real
ZjTe378DCQ_100px_1.png,Fake
zhx2O0vpn2_100px_2.png,Real
ZjTe378DCQ_100px_2.png,Real
ZKiG0KdW82_100px_2.png,Real
zI280jdJWk_100px_2.png,Fake
ZKiG0KdW82_100px_1.png,Real
Zkpt94Qfn9_100px_1.png,Fake
Zkpt94Qfn9_100px_2.png,Real
ZO2JQWpufW_100px_2.png,Real
zPFMrjEOoY_100px_1.png,Real
ZO2JQWpufW_100px_1.png,Fake
zPFMrjEOoY_100px_2.png,Fake
zS7hJ63JGC_100px_2.png,Fake
zS7hJ63JGC_100px_1.png,Fake
zsU9uQTY66_100px_2.png,Fake
zsU9uQTY66_100px_1.png,Fake
ZSyUWlDJGy_100px_1.png,Fake
ZSyUWlDJGy_100px_2.png,Fake
ZvMPvHwAom_100px_2.png,Fake
ZvMPvHwAom_100px_1.png,Real
ZVpxQk81Sq_100px_1.png,Real
ZVpxQk81Sq_100px_2.png,Real
zwueuDBZG5_100px_2.png,Fake
zxOfOrieji_100px_1.png,Fake
zYmpxxPCiq_100px_1.png,Fake
zwueuDBZG5_100px_1.png,Real
zxOfOrieji_100px_2.png,Fake
zYxLMY5v1R_100px_1.png,Fake
zYxLMY5v1R_100px_2.png,Real
ZZJWG1VMzN_100px_1.png,Fake
zYmpxxPCiq_100px_2.png,Fake
ZZJWG1VMzN_100px_2.png,Real
